Corner,Easting,Northing
SW,32.789,26.3410000000149
SE,91.622,26.3410000000149
NE,91.622,174.83699999999953
NW,32.789,174.83699999999953
